{"attributes":
  {"position":
    [[0.850651,0.525731,0]
    ,[0,-0.850651,0.525731]
    ,[0,0.850651,-0.525731]
    ,[0,-0.850651,-0.525731]
    ,[0,-1,0]
    ,[1,0,0]
    ,[-1,0,0]
    ,[0.809017,0.309017,0.5]
    ,[0.809017,0.309017,-0.5]
    ,[-0.809017,0.309017,0.5]
    ,[-0.809017,0.309017,-0.5]
    ,[-0.850651,0.525731,0]
    ,[0.5,0.809017,0.309017]
    ,[0.5,-0.809017,0.309017]
    ,[0.5,0.809017,-0.309017]
    ,[0.5,-0.809017,-0.309017]
    ,[0.809017,-0.309017,0.5]
    ,[0.809017,-0.309017,-0.5]
    ,[-0.5,0.809017,0.309017]
    ,[-0.809017,-0.309017,0.5]
    ,[-0.5,0.809017,-0.309017]
    ,[-0.809017,-0.309017,-0.5]
    ,[0.850651,-0.525731,0]
    ,[0,0,1]
    ,[-0.5,-0.809017,0.309017]
    ,[0.309017,0.5,0.809017]
    ,[0,0,-1]
    ,[0.309017,-0.5,0.809017]
    ,[-0.5,-0.809017,-0.309017]
    ,[-0.309017,0.5,0.809017]
    ,[0.309017,0.5,-0.809017]
    ,[-0.309017,-0.5,0.809017]
    ,[0.309017,-0.5,-0.809017]
    ,[-0.850651,-0.525731,0]
    ,[-0.309017,0.5,-0.809017]
    ,[-0.309017,-0.5,-0.809017]
    ,[0,1,0]
    ,[0.525731,0,0.850651]
    ,[0.525731,0,-0.850651]
    ,[-0.525731,0,0.850651]
    ,[-0.525731,0,-0.850651]
    ,[0,0.850651,0.525731]
    ]
  ,"normal":
    [[0.8507,0.5257,0]
    ,[0,-0.8507,0.5257]
    ,[0,0.8507,-0.5257]
    ,[0,-0.8507,-0.5257]
    ,[0,-1,0]
    ,[1,0,0]
    ,[-1,0,0]
    ,[0.809,0.309,0.5]
    ,[0.809,0.309,-0.5]
    ,[-0.809,0.309,0.5]
    ,[-0.809,0.309,-0.5]
    ,[-0.8507,0.5257,0]
    ,[0.5,0.809,0.309]
    ,[0.5,-0.809,0.309]
    ,[0.5,0.809,-0.309]
    ,[0.5,-0.809,-0.309]
    ,[0.809,-0.309,0.5]
    ,[0.809,-0.309,-0.5]
    ,[-0.5,0.809,0.309]
    ,[-0.809,-0.309,0.5]
    ,[-0.5,0.809,-0.309]
    ,[-0.809,-0.309,-0.5]
    ,[0.8507,-0.5257,0]
    ,[0,0,1]
    ,[-0.5,-0.809,0.309]
    ,[0.309,0.5,0.809]
    ,[0,0,-1]
    ,[0.309,-0.5,0.809]
    ,[-0.5,-0.809,-0.309]
    ,[-0.309,0.5,0.809]
    ,[0.309,0.5,-0.809]
    ,[-0.309,-0.5,0.809]
    ,[0.309,-0.5,-0.809]
    ,[-0.8507,-0.5257,0]
    ,[-0.309,0.5,-0.809]
    ,[-0.309,-0.5,-0.809]
    ,[0,1,0]
    ,[0.5257,0,0.8507]
    ,[0.5257,0,-0.8507]
    ,[-0.5257,0,0.8507]
    ,[-0.5257,0,-0.8507]
    ,[0,0.8507,0.5257]
    ]
  }
,"triangles":
  [[0,5,8]
  ,[0,7,5]
  ,[0,8,14]
  ,[0,12,7]
  ,[0,14,12]
  ,[1,4,13]
  ,[1,13,27]
  ,[1,24,4]
  ,[1,27,31]
  ,[1,31,24]
  ,[2,14,30]
  ,[2,20,36]
  ,[2,30,34]
  ,[2,34,20]
  ,[2,36,14]
  ,[3,4,28]
  ,[3,15,4]
  ,[3,28,35]
  ,[3,32,15]
  ,[3,35,32]
  ,[4,15,13]
  ,[4,24,28]
  ,[5,7,16]
  ,[5,16,22]
  ,[5,17,8]
  ,[5,22,17]
  ,[6,9,11]
  ,[6,10,21]
  ,[6,11,10]
  ,[6,19,9]
  ,[6,21,33]
  ,[6,33,19]
  ,[7,12,25]
  ,[7,25,37]
  ,[7,37,16]
  ,[8,17,38]
  ,[8,30,14]
  ,[8,38,30]
  ,[9,18,11]
  ,[9,19,39]
  ,[9,29,18]
  ,[9,39,29]
  ,[10,11,20]
  ,[10,20,34]
  ,[10,34,40]
  ,[10,40,21]
  ,[11,18,20]
  ,[12,14,36]
  ,[12,36,41]
  ,[12,41,25]
  ,[13,15,22]
  ,[13,16,27]
  ,[13,22,16]
  ,[15,17,22]
  ,[15,32,17]
  ,[16,37,27]
  ,[17,32,38]
  ,[18,29,41]
  ,[18,36,20]
  ,[18,41,36]
  ,[19,24,31]
  ,[19,31,39]
  ,[19,33,24]
  ,[21,28,33]
  ,[21,35,28]
  ,[21,40,35]
  ,[23,25,29]
  ,[23,27,37]
  ,[23,29,39]
  ,[23,31,27]
  ,[23,37,25]
  ,[23,39,31]
  ,[24,33,28]
  ,[25,41,29]
  ,[26,30,38]
  ,[26,32,35]
  ,[26,34,30]
  ,[26,35,40]
  ,[26,38,32]
  ,[26,40,34]
  ]
}